INSERT INTO HOSPITAL (HNAME, HADDRESS, COMPANY_NO) VALUES ('Hospital1', 'Address1', 1234);
INSERT INTO HOSPITAL (HNAME, HADDRESS, COMPANY_NO) VALUES ('Hospital2', 'Address2', 1243);
INSERT INTO HOSPITAL (HNAME, HADDRESS, COMPANY_NO) VALUES ('Hospital3', 'Address3', 1253);
INSERT INTO HOSPITAL (HNAME, HADDRESS, COMPANY_NO) VALUES ('Hospital4', 'Address4', 1263);

INSERT INTO PHARMACY (PHNAME, PHADDRESS) VALUES ('Pharmacy 1', 'Address 1');
INSERT INTO PHARMACY (PHNAME, PHADDRESS) VALUES ('Pharmacy 2', 'Address 2');
INSERT INTO PHARMACY (PHNAME, PHADDRESS) VALUES ('Pharmacy 3', 'Address 3');
INSERT INTO PHARMACY (PHNAME, PHADDRESS) VALUES ('Pharmacy 4', 'Address 4');
INSERT INTO PHARMACY (PHNAME, PHADDRESS) VALUES ('Pharmacy 5', 'Address 5');
INSERT INTO PHARMACY (PHNAME, PHADDRESS) VALUES ('Pharmacy 6', 'Address 6');
INSERT INTO PHARMACY (PHNAME, PHADDRESS) VALUES ('Pharmacy 7', 'Address 7');
INSERT INTO PHARMACY (PHNAME, PHADDRESS) VALUES ('Pharmacy 8', 'Address 8');
INSERT INTO PHARMACY (PHNAME, PHADDRESS) VALUES ('Pharmacy 9', 'Address 9');
INSERT INTO PHARMACY (PHNAME, PHADDRESS) VALUES ('Pharmacy 10', 'Address 10');

INSERT INTO DONOR (DHEALTHCARE_NO, BLOOD_TYPE, MEDICAL_HISTORY, DONATION_TYPE, DADDRESS) VALUES (4872, 'A+', 'medicalhistory1', 'Skin', 'Address 1');
INSERT INTO DONOR (DHEALTHCARE_NO, BLOOD_TYPE, MEDICAL_HISTORY, DONATION_TYPE, DADDRESS) VALUES (4483, 'B-', 'medicalhistory2', 'Blood', 'Address 2');
INSERT INTO DONOR (DHEALTHCARE_NO, BLOOD_TYPE, MEDICAL_HISTORY, DONATION_TYPE, DADDRESS) VALUES (1656, 'O+', 'medicalhistory3', 'Blood', 'Address 3');
INSERT INTO DONOR (DHEALTHCARE_NO, BLOOD_TYPE, MEDICAL_HISTORY, DONATION_TYPE, DADDRESS) VALUES (2792, 'B-', 'medicalhistory4', 'Kidney', 'Address 4');
INSERT INTO DONOR (DHEALTHCARE_NO, BLOOD_TYPE, MEDICAL_HISTORY, DONATION_TYPE, DADDRESS) VALUES (5824, 'B+', 'medicalhistory5', 'Liver', 'Address 1');
INSERT INTO DONOR (DHEALTHCARE_NO, BLOOD_TYPE, MEDICAL_HISTORY, DONATION_TYPE, DADDRESS) VALUES (2830, 'A-', 'medicalhistory6', 'Kidney', 'Address 2');
INSERT INTO DONOR (DHEALTHCARE_NO, BLOOD_TYPE, MEDICAL_HISTORY, DONATION_TYPE, DADDRESS) VALUES (7107, 'B+', 'medicalhistory7', 'Blood', 'Address 3');
INSERT INTO DONOR (DHEALTHCARE_NO, BLOOD_TYPE, MEDICAL_HISTORY, DONATION_TYPE, DADDRESS) VALUES (3022, 'A-', 'medicalhistory8', 'Liver', 'Address 4');
INSERT INTO DONOR (DHEALTHCARE_NO, BLOOD_TYPE, MEDICAL_HISTORY, DONATION_TYPE, DADDRESS) VALUES (5188, 'A+', 'medicalhistory9', 'Kidney', 'Address 1');
INSERT INTO DONOR (DHEALTHCARE_NO, BLOOD_TYPE, MEDICAL_HISTORY, DONATION_TYPE, DADDRESS) VALUES (3475, 'B-', 'medicalhistory10', 'Liver', 'Address 2');
INSERT INTO DONOR (DHEALTHCARE_NO, BLOOD_TYPE, MEDICAL_HISTORY, DONATION_TYPE, DADDRESS) VALUES (4160, 'O+', 'medicalhistory11', 'Blood', 'Address 3');

INSERT INTO EQUIPMENT (SERIAL_NO, EQUIPMENT_TYPE, MODE_NO, SUPPLIER, LIFE_EXPETANCY, HNAME, HADDRESS) VALUES (1734, 'Type 1', 1, 'Supplier 1', 12, 'Hospital1', 'Address1');
INSERT INTO EQUIPMENT (SERIAL_NO, EQUIPMENT_TYPE, MODE_NO, SUPPLIER, LIFE_EXPETANCY, HNAME, HADDRESS) VALUES (3912, 'Type 1', 2, 'Supplier 2', 17, 'Hospital1', 'Address1');
INSERT INTO EQUIPMENT (SERIAL_NO, EQUIPMENT_TYPE, MODE_NO, SUPPLIER, LIFE_EXPETANCY, HNAME, HADDRESS) VALUES (2231, 'Type 2', 3, 'Supplier 3', 22, 'Hospital2', 'Address2');
INSERT INTO EQUIPMENT (SERIAL_NO, EQUIPMENT_TYPE, MODE_NO, SUPPLIER, LIFE_EXPETANCY, HNAME, HADDRESS) VALUES (2910, 'Type 3', 1, 'Supplier 4', 4, 'Hospital3', 'Address3');
INSERT INTO EQUIPMENT (SERIAL_NO, EQUIPMENT_TYPE, MODE_NO, SUPPLIER, LIFE_EXPETANCY, HNAME, HADDRESS) VALUES (7951, 'Type 4', 2, 'Supplier 5', 17, 'Hospital4', 'Address4');
INSERT INTO EQUIPMENT (SERIAL_NO, EQUIPMENT_TYPE, MODE_NO, SUPPLIER, LIFE_EXPETANCY, HNAME, HADDRESS) VALUES (8176, 'Type 1', 3, 'Supplier 6', 8, 'Hospital2', 'Address2');
INSERT INTO EQUIPMENT (SERIAL_NO, EQUIPMENT_TYPE, MODE_NO, SUPPLIER, LIFE_EXPETANCY, HNAME, HADDRESS) VALUES (8096, 'Type 2', 1, 'Supplier 7', 19, 'Hospital1', 'Address1');
INSERT INTO EQUIPMENT (SERIAL_NO, EQUIPMENT_TYPE, MODE_NO, SUPPLIER, LIFE_EXPETANCY, HNAME, HADDRESS) VALUES (6333, 'Type 3', 2, 'Supplier 8', 14, 'Hospital1', 'Address1');
INSERT INTO EQUIPMENT (SERIAL_NO, EQUIPMENT_TYPE, MODE_NO, SUPPLIER, LIFE_EXPETANCY, HNAME, HADDRESS) VALUES (6003, 'Type 5', 3, 'Supplier 1', 18, 'Hospital2', 'Address2');
INSERT INTO EQUIPMENT (SERIAL_NO, EQUIPMENT_TYPE, MODE_NO, SUPPLIER, LIFE_EXPETANCY, HNAME, HADDRESS) VALUES (9023, 'Type 1', 1, 'Supplier 2', 12, 'Hospital1', 'Address1');
INSERT INTO EQUIPMENT (SERIAL_NO, EQUIPMENT_TYPE, MODE_NO, SUPPLIER, LIFE_EXPETANCY, HNAME, HADDRESS) VALUES (9953, 'Type 2', 2, 'Supplier 3', 11, 'Hospital3', 'Address3');
INSERT INTO EQUIPMENT (SERIAL_NO, EQUIPMENT_TYPE, MODE_NO, SUPPLIER, LIFE_EXPETANCY, HNAME, HADDRESS) VALUES (3125, 'Type 6', 3, 'Supplier 4', 10, 'Hospital3', 'Address3');
INSERT INTO EQUIPMENT (SERIAL_NO, EQUIPMENT_TYPE, MODE_NO, SUPPLIER, LIFE_EXPETANCY, HNAME, HADDRESS) VALUES (9409, 'Type 4', 1, 'Supplier 5', 27, 'Hospital4', 'Address4');
INSERT INTO EQUIPMENT (SERIAL_NO, EQUIPMENT_TYPE, MODE_NO, SUPPLIER, LIFE_EXPETANCY, HNAME, HADDRESS) VALUES (9236, 'Type 7', 2, 'Supplier 6', 14, 'Hospital4', 'Address4');
INSERT INTO EQUIPMENT (SERIAL_NO, EQUIPMENT_TYPE, MODE_NO, SUPPLIER, LIFE_EXPETANCY, HNAME, HADDRESS) VALUES (2128, 'Type 1', 3, 'Supplier 7', 20, 'Hospital2', 'Address2');
INSERT INTO EQUIPMENT (SERIAL_NO, EQUIPMENT_TYPE, MODE_NO, SUPPLIER, LIFE_EXPETANCY, HNAME, HADDRESS) VALUES (2704, 'Type 5', 1, 'Supplier 8', 10, 'Hospital1', 'Address1');
INSERT INTO EQUIPMENT (SERIAL_NO, EQUIPMENT_TYPE, MODE_NO, SUPPLIER, LIFE_EXPETANCY, HNAME, HADDRESS) VALUES (5025, 'Type 2', 2, 'Supplier 1', 18, 'Hospital1', 'Address1');
INSERT INTO EQUIPMENT (SERIAL_NO, EQUIPMENT_TYPE, MODE_NO, SUPPLIER, LIFE_EXPETANCY, HNAME, HADDRESS) VALUES (1676, 'Type 3', 3, 'Supplier 2', 11, 'Hospital2', 'Address2');
INSERT INTO EQUIPMENT (SERIAL_NO, EQUIPMENT_TYPE, MODE_NO, SUPPLIER, LIFE_EXPETANCY, HNAME, HADDRESS) VALUES (7124, 'Type 1', 1, 'Supplier 3', 2, 'Hospital3', 'Address3');
INSERT INTO EQUIPMENT (SERIAL_NO, EQUIPMENT_TYPE, MODE_NO, SUPPLIER, LIFE_EXPETANCY, HNAME, HADDRESS) VALUES (9623, 'Type 6', 2, 'Supplier 4', 16, 'Hospital4', 'Address4');
INSERT INTO EQUIPMENT (SERIAL_NO, EQUIPMENT_TYPE, MODE_NO, SUPPLIER, LIFE_EXPETANCY, HNAME, HADDRESS) VALUES (4690, 'Type 2', 3, 'Supplier 5', 12, 'Hospital2', 'Address2');
INSERT INTO EQUIPMENT (SERIAL_NO, EQUIPMENT_TYPE, MODE_NO, SUPPLIER, LIFE_EXPETANCY, HNAME, HADDRESS) VALUES (8973, 'Type 2', 1, 'Supplier 6', 12, 'Hospital1', 'Address1');
INSERT INTO EQUIPMENT (SERIAL_NO, EQUIPMENT_TYPE, MODE_NO, SUPPLIER, LIFE_EXPETANCY, HNAME, HADDRESS) VALUES (4276, 'Type 4', 2, 'Supplier 7', 26, 'Hospital1', 'Address1');
INSERT INTO EQUIPMENT (SERIAL_NO, EQUIPMENT_TYPE, MODE_NO, SUPPLIER, LIFE_EXPETANCY, HNAME, HADDRESS) VALUES (4231, 'Type 1', 3, 'Supplier 8', 16, 'Hospital2', 'Address2');
INSERT INTO EQUIPMENT (SERIAL_NO, EQUIPMENT_TYPE, MODE_NO, SUPPLIER, LIFE_EXPETANCY, HNAME, HADDRESS) VALUES (7001, 'Type 7', 1, 'Supplier 1', 14, 'Hospital1', 'Address1');
INSERT INTO EQUIPMENT (SERIAL_NO, EQUIPMENT_TYPE, MODE_NO, SUPPLIER, LIFE_EXPETANCY, HNAME, HADDRESS) VALUES (5268, 'Type 6', 2, 'Supplier 2', 17, 'Hospital3', 'Address3');
INSERT INTO EQUIPMENT (SERIAL_NO, EQUIPMENT_TYPE, MODE_NO, SUPPLIER, LIFE_EXPETANCY, HNAME, HADDRESS) VALUES (9839, 'Type 5', 3, 'Supplier 3', 6, 'Hospital3', 'Address3');
INSERT INTO EQUIPMENT (SERIAL_NO, EQUIPMENT_TYPE, MODE_NO, SUPPLIER, LIFE_EXPETANCY, HNAME, HADDRESS) VALUES (9003, 'Type 3', 1, 'Supplier 4', 7, 'Hospital4', 'Address4');
INSERT INTO EQUIPMENT (SERIAL_NO, EQUIPMENT_TYPE, MODE_NO, SUPPLIER, LIFE_EXPETANCY, HNAME, HADDRESS) VALUES (9108, 'Type 2', 2, 'Supplier 5', 2, 'Hospital4', 'Address4');
INSERT INTO EQUIPMENT (SERIAL_NO, EQUIPMENT_TYPE, MODE_NO, SUPPLIER, LIFE_EXPETANCY, HNAME, HADDRESS) VALUES (7866, 'Type 3', 3, 'Supplier 6', 13, 'Hospital2', 'Address2');
INSERT INTO EQUIPMENT (SERIAL_NO, EQUIPMENT_TYPE, MODE_NO, SUPPLIER, LIFE_EXPETANCY, HNAME, HADDRESS) VALUES (4436, 'Type 1', 1, 'Supplier 7', 6, 'Hospital1', 'Address1');
INSERT INTO EQUIPMENT (SERIAL_NO, EQUIPMENT_TYPE, MODE_NO, SUPPLIER, LIFE_EXPETANCY, HNAME, HADDRESS) VALUES (1188, 'Type 4', 2, 'Supplier 8', 3, 'Hospital1', 'Address1');
INSERT INTO EQUIPMENT (SERIAL_NO, EQUIPMENT_TYPE, MODE_NO, SUPPLIER, LIFE_EXPETANCY, HNAME, HADDRESS) VALUES (3596, 'Type 3', 3, 'Supplier 1', 1, 'Hospital2', 'Address2');
INSERT INTO EQUIPMENT (SERIAL_NO, EQUIPMENT_TYPE, MODE_NO, SUPPLIER, LIFE_EXPETANCY, HNAME, HADDRESS) VALUES (8090, 'Type 5', 1, 'Supplier 2', 4, 'Hospital3', 'Address3');
INSERT INTO EQUIPMENT (SERIAL_NO, EQUIPMENT_TYPE, MODE_NO, SUPPLIER, LIFE_EXPETANCY, HNAME, HADDRESS) VALUES (1492, 'Type 1', 2, 'Supplier 3', 19, 'Hospital4', 'Address4');

INSERT INTO INSURER (INAME, PLAN_TYPE) VALUES ('Desjardins', 'Plan 1');
INSERT INTO INSURER (INAME, PLAN_TYPE) VALUES ('Manulife', 'Plan 2');
INSERT INTO INSURER (INAME, PLAN_TYPE) VALUES ('Canada Life', 'Plan 3');
INSERT INTO INSURER (INAME, PLAN_TYPE) VALUES ('RBC Insurance', 'Plan 4');
INSERT INTO INSURER (INAME, PLAN_TYPE) VALUES ('Canada Protection Plan', 'Plan 5');
INSERT INTO INSURER (INAME, PLAN_TYPE) VALUES ('Sun Life', 'Plan 6');

INSERT INTO PERSONNEL (EMPLOYEE_NO, DEPARTMENT, LICENSE_NO, LICENSE_EXPIRY, HNAME, HADDRESS) VALUES (10201, 'Department 1', 1, '2027-10-31', 'Hospital1', 'Address1');
INSERT INTO PERSONNEL (EMPLOYEE_NO, DEPARTMENT, LICENSE_NO, LICENSE_EXPIRY, HNAME, HADDRESS) VALUES (10403, 'Department 1', 2, '2028-10-30', 'Hospital2', 'Address2');
INSERT INTO PERSONNEL (EMPLOYEE_NO, DEPARTMENT, LICENSE_NO, LICENSE_EXPIRY, HNAME, HADDRESS) VALUES (10302, 'Department 1', 3, '2025-01-18', 'Hospital3', 'Address3');
INSERT INTO PERSONNEL (EMPLOYEE_NO, DEPARTMENT, LICENSE_NO, LICENSE_EXPIRY, HNAME, HADDRESS) VALUES (10311, 'Department 1', 4, '2028-07-02', 'Hospital4', 'Address4');
INSERT INTO PERSONNEL (EMPLOYEE_NO, DEPARTMENT, LICENSE_NO, LICENSE_EXPIRY, HNAME, HADDRESS) VALUES (10392, 'Department 1', 5, '2030-07-26', 'Hospital2', 'Address2');
INSERT INTO PERSONNEL (EMPLOYEE_NO, DEPARTMENT, LICENSE_NO, LICENSE_EXPIRY, HNAME, HADDRESS) VALUES (10345, 'Department 1', 6, '2024-11-04', 'Hospital1', 'Address1');
INSERT INTO PERSONNEL (EMPLOYEE_NO, DEPARTMENT, LICENSE_NO, LICENSE_EXPIRY, HNAME, HADDRESS) VALUES (10333, 'Department 1', 7, '2024-08-25', 'Hospital3', 'Address3');
INSERT INTO PERSONNEL (EMPLOYEE_NO, DEPARTMENT, LICENSE_NO, LICENSE_EXPIRY, HNAME, HADDRESS) VALUES (10421, 'Department 1', 8, '2025-05-12', 'Hospital1', 'Address1');
INSERT INTO PERSONNEL (EMPLOYEE_NO, DEPARTMENT, LICENSE_NO, LICENSE_EXPIRY, HNAME, HADDRESS) VALUES (10445, 'Department 1', 9, '2030-07-03', 'Hospital1', 'Address1');
INSERT INTO PERSONNEL (EMPLOYEE_NO, DEPARTMENT, LICENSE_NO, LICENSE_EXPIRY, HNAME, HADDRESS) VALUES (10487, 'Department 1', 10, '2027-01-07', 'Hospital2', 'Address2');
INSERT INTO PERSONNEL (EMPLOYEE_NO, DEPARTMENT, LICENSE_NO, LICENSE_EXPIRY, HNAME, HADDRESS) VALUES (10462, 'Department 2', 11, '2028-08-14', 'Hospital3', 'Address3');
INSERT INTO PERSONNEL (EMPLOYEE_NO, DEPARTMENT, LICENSE_NO, LICENSE_EXPIRY, HNAME, HADDRESS) VALUES (10499, 'Department 2', 12, '2024-12-03', 'Hospital4', 'Address4');
INSERT INTO PERSONNEL (EMPLOYEE_NO, DEPARTMENT, LICENSE_NO, LICENSE_EXPIRY, HNAME, HADDRESS) VALUES (10422, 'Department 2', 13, '2028-09-18', 'Hospital2', 'Address2');
INSERT INTO PERSONNEL (EMPLOYEE_NO, DEPARTMENT, LICENSE_NO, LICENSE_EXPIRY, HNAME, HADDRESS) VALUES (10491, 'Department 2', 14, '2028-08-22', 'Hospital1', 'Address1');
INSERT INTO PERSONNEL (EMPLOYEE_NO, DEPARTMENT, LICENSE_NO, LICENSE_EXPIRY, HNAME, HADDRESS) VALUES (10209, 'Department 2', 15, '2024-09-23', 'Hospital1', 'Address1');
INSERT INTO PERSONNEL (EMPLOYEE_NO, DEPARTMENT, LICENSE_NO, LICENSE_EXPIRY, HNAME, HADDRESS) VALUES (10221, 'Department 2', 16, '2024-04-08', 'Hospital2', 'Address2');
INSERT INTO PERSONNEL (EMPLOYEE_NO, DEPARTMENT, LICENSE_NO, LICENSE_EXPIRY, HNAME, HADDRESS) VALUES (10229, 'Department 2', 17, '2027-03-03', 'Hospital1', 'Address1');
INSERT INTO PERSONNEL (EMPLOYEE_NO, DEPARTMENT, LICENSE_NO, LICENSE_EXPIRY, HNAME, HADDRESS) VALUES (10234, 'Department 2', 18, '2024-07-31', 'Hospital3', 'Address3');
INSERT INTO PERSONNEL (EMPLOYEE_NO, DEPARTMENT, LICENSE_NO, LICENSE_EXPIRY, HNAME, HADDRESS) VALUES (10256, 'Department 2', 19, '2024-02-19', 'Hospital3', 'Address3');
INSERT INTO PERSONNEL (EMPLOYEE_NO, DEPARTMENT, LICENSE_NO, LICENSE_EXPIRY, HNAME, HADDRESS) VALUES (10278, 'Department 2', 20, '2026-07-05', 'Hospital4', 'Address4');
INSERT INTO PERSONNEL (EMPLOYEE_NO, DEPARTMENT, LICENSE_NO, LICENSE_EXPIRY, HNAME, HADDRESS) VALUES (10222, 'Department 3', 21, '2030-02-16', 'Hospital4', 'Address4');
INSERT INTO PERSONNEL (EMPLOYEE_NO, DEPARTMENT, LICENSE_NO, LICENSE_EXPIRY, HNAME, HADDRESS) VALUES (10211, 'Department 3', 22, '2030-10-26', 'Hospital2', 'Address2');
INSERT INTO PERSONNEL (EMPLOYEE_NO, DEPARTMENT, LICENSE_NO, LICENSE_EXPIRY, HNAME, HADDRESS) VALUES (10285, 'Department 3', 23, '2029-05-29', 'Hospital3', 'Address3');
INSERT INTO PERSONNEL (EMPLOYEE_NO, DEPARTMENT, LICENSE_NO, LICENSE_EXPIRY, HNAME, HADDRESS) VALUES (10232, 'Department 3', 24, '2024-12-07', 'Hospital4', 'Address4');
INSERT INTO PERSONNEL (EMPLOYEE_NO, DEPARTMENT, LICENSE_NO, LICENSE_EXPIRY, HNAME, HADDRESS) VALUES (10395, 'Department 3', 25, '2028-10-18', 'Hospital4', 'Address4');
INSERT INTO PERSONNEL (EMPLOYEE_NO, DEPARTMENT, LICENSE_NO, LICENSE_EXPIRY, HNAME, HADDRESS) VALUES (10106, 'Department 3', 26, '2030-01-19', 'Hospital3', 'Address3');
INSERT INTO PERSONNEL (EMPLOYEE_NO, DEPARTMENT, LICENSE_NO, LICENSE_EXPIRY, HNAME, HADDRESS) VALUES (10111, 'Department 3', 27, '2027-12-05', 'Hospital3', 'Address3');
INSERT INTO PERSONNEL (EMPLOYEE_NO, DEPARTMENT, LICENSE_NO, LICENSE_EXPIRY, HNAME, HADDRESS) VALUES (10145, 'Department 3', 28, '2029-04-22', 'Hospital4', 'Address4');
INSERT INTO PERSONNEL (EMPLOYEE_NO, DEPARTMENT, LICENSE_NO, LICENSE_EXPIRY, HNAME, HADDRESS) VALUES (10192, 'Department 3', 29, '2024-11-25', 'Hospital2', 'Address2');
INSERT INTO PERSONNEL (EMPLOYEE_NO, DEPARTMENT, LICENSE_NO, LICENSE_EXPIRY, HNAME, HADDRESS) VALUES (10166, 'Department 3', 30, '2026-03-25', 'Hospital1', 'Address1');
INSERT INTO PERSONNEL (EMPLOYEE_NO, DEPARTMENT, LICENSE_NO, LICENSE_EXPIRY, HNAME, HADDRESS) VALUES (10165, 'Department 4', 31, '2025-11-07', 'Hospital3', 'Address3');
INSERT INTO PERSONNEL (EMPLOYEE_NO, DEPARTMENT, LICENSE_NO, LICENSE_EXPIRY, HNAME, HADDRESS) VALUES (10149, 'Department 4', 32, '2028-08-26', 'Hospital1', 'Address1');
INSERT INTO PERSONNEL (EMPLOYEE_NO, DEPARTMENT, LICENSE_NO, LICENSE_EXPIRY, HNAME, HADDRESS) VALUES (10134, 'Department 4', 33, '2030-02-25', 'Hospital2', 'Address2');
INSERT INTO PERSONNEL (EMPLOYEE_NO, DEPARTMENT, LICENSE_NO, LICENSE_EXPIRY, HNAME, HADDRESS) VALUES (10621, 'Department 4', 34, '2025-01-25', 'Hospital4', 'Address4');
INSERT INTO PERSONNEL (EMPLOYEE_NO, DEPARTMENT, LICENSE_NO, LICENSE_EXPIRY, HNAME, HADDRESS) VALUES (10690, 'Department 4', 35, '2024-08-28', 'Hospital2', 'Address2');
INSERT INTO PERSONNEL (EMPLOYEE_NO, DEPARTMENT, LICENSE_NO, LICENSE_EXPIRY, HNAME, HADDRESS) VALUES (10673, 'Department 4', 36, '2027-12-13', 'Hospital1', 'Address1');
INSERT INTO PERSONNEL (EMPLOYEE_NO, DEPARTMENT, LICENSE_NO, LICENSE_EXPIRY, HNAME, HADDRESS) VALUES (10654, 'Department 4', 37, '2026-09-06', 'Hospital4', 'Address4');
INSERT INTO PERSONNEL (EMPLOYEE_NO, DEPARTMENT, LICENSE_NO, LICENSE_EXPIRY, HNAME, HADDRESS) VALUES (10626, 'Department 4', 38, '2027-09-15', 'Hospital3', 'Address3');
INSERT INTO PERSONNEL (EMPLOYEE_NO, DEPARTMENT, LICENSE_NO, LICENSE_EXPIRY, HNAME, HADDRESS) VALUES (10771, 'Department 4', 39, '2030-09-23', 'Hospital2', 'Address2');
INSERT INTO PERSONNEL (EMPLOYEE_NO, DEPARTMENT, LICENSE_NO, LICENSE_EXPIRY, HNAME, HADDRESS) VALUES (10795, 'Department 4', 40, '2026-02-25', 'Hospital4', 'Address4');

INSERT INTO PATIENT (PNAME, PHEALTHCARE_NO, CONTACT_INFO, SEX, BIRTHDAY, MEDICAL_RECORDS, CURRENT_MEDICATION, PLANNED_TREATMENT, EMPLOYEE_NO, INAME) VALUES ('Julianne Benjamin', 3537, '(785) 559-2492', 'M', '1925-11-06', 'medicalrecord1', 'Acetaminophen', 'Appendectomy', 10201, 'Desjardins');
INSERT INTO PATIENT (PNAME, PHEALTHCARE_NO, CONTACT_INFO, SEX, BIRTHDAY, MEDICAL_RECORDS, CURRENT_MEDICATION, PLANNED_TREATMENT, EMPLOYEE_NO, INAME) VALUES ('Sol Branch', 8586, '(477) 840-4252', 'M', '1961-11-01', 'medicalrecord2', 'Ibuprofen', 'Coronary artery bypass graft (CABG)', 10403, 'Manulife');
INSERT INTO PATIENT (PNAME, PHEALTHCARE_NO, CONTACT_INFO, SEX, BIRTHDAY, MEDICAL_RECORDS, CURRENT_MEDICATION, PLANNED_TREATMENT, EMPLOYEE_NO, INAME) VALUES ('Theo Sexton', 7178, '(913) 997-4362', 'M', '1996-03-01', 'medicalrecord3', 'Aspirin', 'Angioplasty', 10302, 'Canada Life');
INSERT INTO PATIENT (PNAME, PHEALTHCARE_NO, CONTACT_INFO, SEX, BIRTHDAY, MEDICAL_RECORDS, CURRENT_MEDICATION, PLANNED_TREATMENT, EMPLOYEE_NO, INAME) VALUES ('Mel Christensen', 2021, '(581) 302-5884', 'M', '1930-09-12', 'medicalrecord4', 'Morphine', 'Hysterectomy', 10311, 'RBC Insurance');
INSERT INTO PATIENT (PNAME, PHEALTHCARE_NO, CONTACT_INFO, SEX, BIRTHDAY, MEDICAL_RECORDS, CURRENT_MEDICATION, PLANNED_TREATMENT, EMPLOYEE_NO, INAME) VALUES ('Wendy Mayo', 9220, '(476) 514-3818', 'M', '2017-06-05', 'medicalrecord5', 'Oxycodone', 'Knee replacement surgery', 10392, 'Canada Protection Plan');
INSERT INTO PATIENT (PNAME, PHEALTHCARE_NO, CONTACT_INFO, SEX, BIRTHDAY, MEDICAL_RECORDS, CURRENT_MEDICATION, PLANNED_TREATMENT, EMPLOYEE_NO, INAME) VALUES ('Rod Beard', 5765, '(335) 578-0682', 'F', '1988-02-10', 'medicalrecord6', 'Hydrocodone', 'Cataract surgery', 10345, 'Sun Life');
INSERT INTO PATIENT (PNAME, PHEALTHCARE_NO, CONTACT_INFO, SEX, BIRTHDAY, MEDICAL_RECORDS, CURRENT_MEDICATION, PLANNED_TREATMENT, EMPLOYEE_NO, INAME) VALUES ('Jeannie Hanna', 6600, '(868) 343-1030', 'M', '1978-05-15', 'medicalrecord7', 'Codeine', 'Colonoscopy', 10333, 'Manulife');
INSERT INTO PATIENT (PNAME, PHEALTHCARE_NO, CONTACT_INFO, SEX, BIRTHDAY, MEDICAL_RECORDS, CURRENT_MEDICATION, PLANNED_TREATMENT, EMPLOYEE_NO, INAME) VALUES ('Van Farmer', 1654, '(797) 555-2297', 'M', '2023-10-14', 'medicalrecord8', 'Tramadol', 'Chemotherapy', 10421, 'Desjardins');
INSERT INTO PATIENT (PNAME, PHEALTHCARE_NO, CONTACT_INFO, SEX, BIRTHDAY, MEDICAL_RECORDS, CURRENT_MEDICATION, PLANNED_TREATMENT, EMPLOYEE_NO, INAME) VALUES ('Katina Hunt', 4490, '(621) 764-2787', 'F', '1972-04-24', 'medicalrecord9', 'Gabapentin', 'Radiation therapy', 10445, 'Manulife');
INSERT INTO PATIENT (PNAME, PHEALTHCARE_NO, CONTACT_INFO, SEX, BIRTHDAY, MEDICAL_RECORDS, CURRENT_MEDICATION, PLANNED_TREATMENT, EMPLOYEE_NO, INAME) VALUES ('Ernesto Pruitt', 4329, '(778) 493-4864', 'M', '1926-09-12', 'medicalrecord10', 'Pregabalin', 'Hip replacement surgery', 10487, 'Desjardins');
INSERT INTO PATIENT (PNAME, PHEALTHCARE_NO, CONTACT_INFO, SEX, BIRTHDAY, MEDICAL_RECORDS, CURRENT_MEDICATION, PLANNED_TREATMENT, EMPLOYEE_NO, INAME) VALUES ('Minh Kennedy', 4310, '(321) 467-9907', 'M', '1948-03-15', 'medicalrecord11', 'Naproxen', 'Cesarean section (C-section)', 10462, 'Canada Life');
INSERT INTO PATIENT (PNAME, PHEALTHCARE_NO, CONTACT_INFO, SEX, BIRTHDAY, MEDICAL_RECORDS, CURRENT_MEDICATION, PLANNED_TREATMENT, EMPLOYEE_NO, INAME) VALUES ('Virgilio Black', 2960, '(886) 692-2555', 'F', '1970-12-18', 'medicalrecord12', 'Celecoxib', 'Vasectomy', 10499, 'Manulife');
INSERT INTO PATIENT (PNAME, PHEALTHCARE_NO, CONTACT_INFO, SEX, BIRTHDAY, MEDICAL_RECORDS, CURRENT_MEDICATION, PLANNED_TREATMENT, EMPLOYEE_NO, INAME) VALUES ('Marlon Gibson', 9410, '(602) 768-9376', 'F', '2011-12-22', 'medicalrecord13', 'Prednisone', 'Tubal ligation', 10422, 'Manulife');
INSERT INTO PATIENT (PNAME, PHEALTHCARE_NO, CONTACT_INFO, SEX, BIRTHDAY, MEDICAL_RECORDS, CURRENT_MEDICATION, PLANNED_TREATMENT, EMPLOYEE_NO, INAME) VALUES ('Rob Moses', 3364, '(939) 370-0904', 'M', '1958-02-10', 'medicalrecord14', 'Methylprednisolone', 'Dental extraction', 10491, 'RBC Insurance');
INSERT INTO PATIENT (PNAME, PHEALTHCARE_NO, CONTACT_INFO, SEX, BIRTHDAY, MEDICAL_RECORDS, CURRENT_MEDICATION, PLANNED_TREATMENT, EMPLOYEE_NO, INAME) VALUES ('Allan Estes', 9015, '(363) 317-8485', 'M', '2020-12-31', 'medicalrecord15', 'Dexamethasone', 'Root canal therapy', 10209, 'Manulife');
INSERT INTO PATIENT (PNAME, PHEALTHCARE_NO, CONTACT_INFO, SEX, BIRTHDAY, MEDICAL_RECORDS, CURRENT_MEDICATION, PLANNED_TREATMENT, EMPLOYEE_NO, INAME) VALUES ('Monica Sutton', 3644, '(502) 703-2984', 'F', '1981-09-21', 'medicalrecord16', 'Levothyroxine', 'Prostatectomy', 10221, 'Canada Protection Plan');
INSERT INTO PATIENT (PNAME, PHEALTHCARE_NO, CONTACT_INFO, SEX, BIRTHDAY, MEDICAL_RECORDS, CURRENT_MEDICATION, PLANNED_TREATMENT, EMPLOYEE_NO, INAME) VALUES ('Jean Mack', 8016, '(435) 394-6203', 'F', '1942-07-06', 'medicalrecord17', 'Methotrexate', 'Mastectomy', 10229, 'Sun Life');
INSERT INTO PATIENT (PNAME, PHEALTHCARE_NO, CONTACT_INFO, SEX, BIRTHDAY, MEDICAL_RECORDS, CURRENT_MEDICATION, PLANNED_TREATMENT, EMPLOYEE_NO, INAME) VALUES ('Chandra Olson', 8178, '(695) 267-8862', 'M', '2015-03-16', 'medicalrecord18', 'Furosemide', 'Tonsillectomy', 10234, 'Desjardins');
INSERT INTO PATIENT (PNAME, PHEALTHCARE_NO, CONTACT_INFO, SEX, BIRTHDAY, MEDICAL_RECORDS, CURRENT_MEDICATION, PLANNED_TREATMENT, EMPLOYEE_NO, INAME) VALUES ('Traci Dillon', 2844, '(777) 948-7461', 'M', '2013-06-02', 'medicalrecord19', 'Hydrochlorothiazide', 'Adenoidectomy', 10256, 'Canada Protection Plan');
INSERT INTO PATIENT (PNAME, PHEALTHCARE_NO, CONTACT_INFO, SEX, BIRTHDAY, MEDICAL_RECORDS, CURRENT_MEDICATION, PLANNED_TREATMENT, EMPLOYEE_NO, INAME) VALUES ('Brianna Ruiz', 7680, '(225) 800-2624', 'M', '1989-09-03', 'medicalrecord20', 'Amlodipine', 'Joint aspiration', 10278, 'RBC Insurance');
INSERT INTO PATIENT (PNAME, PHEALTHCARE_NO, CONTACT_INFO, SEX, BIRTHDAY, MEDICAL_RECORDS, CURRENT_MEDICATION, PLANNED_TREATMENT, EMPLOYEE_NO, INAME) VALUES ('Adriana Frederick', 2043, '(780) 975-7916', 'F', '1952-01-03', 'medicalrecord21', 'Lisinopril', 'Bone marrow transplant', 10222, 'Canada Life');
INSERT INTO PATIENT (PNAME, PHEALTHCARE_NO, CONTACT_INFO, SEX, BIRTHDAY, MEDICAL_RECORDS, CURRENT_MEDICATION, PLANNED_TREATMENT, EMPLOYEE_NO, INAME) VALUES ('Winfred Powers', 3208, '(329) 279-7177', 'F', '1946-02-01', 'medicalrecord22', 'Losartan', 'Dialysis', 10211, 'Manulife');
INSERT INTO PATIENT (PNAME, PHEALTHCARE_NO, CONTACT_INFO, SEX, BIRTHDAY, MEDICAL_RECORDS, CURRENT_MEDICATION, PLANNED_TREATMENT, EMPLOYEE_NO, INAME) VALUES ('Teodoro Mata', 3599, '(259) 379-2697', 'M', '1941-08-30', 'medicalrecord23', 'Atorvastatin', 'Ventilation support', 10285, 'Manulife');
INSERT INTO PATIENT (PNAME, PHEALTHCARE_NO, CONTACT_INFO, SEX, BIRTHDAY, MEDICAL_RECORDS, CURRENT_MEDICATION, PLANNED_TREATMENT, EMPLOYEE_NO, INAME) VALUES ('Rory Stevenson', 4260, '(596) 831-0060', 'F', '1989-08-26', 'medicalrecord24', 'Simvastatin', 'Gastroscopy', 10232, 'Sun Life');
INSERT INTO PATIENT (PNAME, PHEALTHCARE_NO, CONTACT_INFO, SEX, BIRTHDAY, MEDICAL_RECORDS, CURRENT_MEDICATION, PLANNED_TREATMENT, EMPLOYEE_NO, INAME) VALUES ('Harland Lewis', 5679, '(942) 428-1266', 'M', '2022-07-06', 'medicalrecord25', 'Clopidogrel', 'Cholecystectomy (gallbladder removal)', 10395, 'Canada Protection Plan');
INSERT INTO PATIENT (PNAME, PHEALTHCARE_NO, CONTACT_INFO, SEX, BIRTHDAY, MEDICAL_RECORDS, CURRENT_MEDICATION, PLANNED_TREATMENT, EMPLOYEE_NO, INAME) VALUES ('Emory Horton', 3027, '(654) 789-1693', 'F', '2006-01-19', 'medicalrecord26', 'Warfarin', 'Splenectomy', 10106, 'Manulife');
INSERT INTO PATIENT (PNAME, PHEALTHCARE_NO, CONTACT_INFO, SEX, BIRTHDAY, MEDICAL_RECORDS, CURRENT_MEDICATION, PLANNED_TREATMENT, EMPLOYEE_NO, INAME) VALUES ('Brian Chung', 1536, '(478) 513-8399', 'M', '1923-08-14', 'medicalrecord27', 'Apixaban', 'Endoscopy', 10111, 'RBC Insurance');
INSERT INTO PATIENT (PNAME, PHEALTHCARE_NO, CONTACT_INFO, SEX, BIRTHDAY, MEDICAL_RECORDS, CURRENT_MEDICATION, PLANNED_TREATMENT, EMPLOYEE_NO, INAME) VALUES ('Stephanie Ortiz', 7476, '(848) 761-4105', 'M', '1922-05-22', 'medicalrecord28', 'Rivaroxaban', 'Cardiac catheterization', 10145, 'Desjardins');
INSERT INTO PATIENT (PNAME, PHEALTHCARE_NO, CONTACT_INFO, SEX, BIRTHDAY, MEDICAL_RECORDS, CURRENT_MEDICATION, PLANNED_TREATMENT, EMPLOYEE_NO, INAME) VALUES ('Florentino Hood', 2582, '(416) 234-9763', 'M', '1992-01-11', 'medicalrecord29', 'Enalapril', 'Lumbar puncture (spinal tap)', 10192, 'Manulife');
INSERT INTO PATIENT (PNAME, PHEALTHCARE_NO, CONTACT_INFO, SEX, BIRTHDAY, MEDICAL_RECORDS, CURRENT_MEDICATION, PLANNED_TREATMENT, EMPLOYEE_NO, INAME) VALUES ('Kristina Robbins', 9230, '(830) 423-4551', 'M', '2022-04-21', 'medicalrecord30', 'Metoprolol', 'Arthroscopy', 10166, 'Canada Life');
INSERT INTO PATIENT (PNAME, PHEALTHCARE_NO, CONTACT_INFO, SEX, BIRTHDAY, MEDICAL_RECORDS, CURRENT_MEDICATION, PLANNED_TREATMENT, EMPLOYEE_NO, INAME) VALUES ('Emerson Fleming', 3121, '(380) 463-8973', 'F', '2002-06-25', 'medicalrecord31', 'Atenolol', 'Lithotripsy (for kidney stones)', 10165, 'Sun Life');
INSERT INTO PATIENT (PNAME, PHEALTHCARE_NO, CONTACT_INFO, SEX, BIRTHDAY, MEDICAL_RECORDS, CURRENT_MEDICATION, PLANNED_TREATMENT, EMPLOYEE_NO, INAME) VALUES ('Pauline Randall', 9653, '(240) 928-4807', 'F', '1920-03-29', 'medicalrecord32', 'Omeprazole', 'Liver biopsy', 10149, 'Sun Life');
INSERT INTO PATIENT (PNAME, PHEALTHCARE_NO, CONTACT_INFO, SEX, BIRTHDAY, MEDICAL_RECORDS, CURRENT_MEDICATION, PLANNED_TREATMENT, EMPLOYEE_NO, INAME) VALUES ('Leonard Chambers', 9321, '(578) 202-5897', 'F', '1959-10-24', 'medicalrecord33', 'Esomeprazole', 'Mammogram', 10134, 'Manulife');
INSERT INTO PATIENT (PNAME, PHEALTHCARE_NO, CONTACT_INFO, SEX, BIRTHDAY, MEDICAL_RECORDS, CURRENT_MEDICATION, PLANNED_TREATMENT, EMPLOYEE_NO, INAME) VALUES ('Nicolas Walters', 3619, '(342) 586-9263', 'F', '1964-01-08', 'medicalrecord34', 'Ranitidine', 'Bronchoscopy', 10621, 'Canada Protection Plan');
INSERT INTO PATIENT (PNAME, PHEALTHCARE_NO, CONTACT_INFO, SEX, BIRTHDAY, MEDICAL_RECORDS, CURRENT_MEDICATION, PLANNED_TREATMENT, EMPLOYEE_NO, INAME) VALUES ('Sid Floyd', 2882, '(722) 339-3140', 'M', '1933-11-04', 'medicalrecord35', 'Pantoprazole', 'Tracheostomy', 10690, 'Sun Life');
INSERT INTO PATIENT (PNAME, PHEALTHCARE_NO, CONTACT_INFO, SEX, BIRTHDAY, MEDICAL_RECORDS, CURRENT_MEDICATION, PLANNED_TREATMENT, EMPLOYEE_NO, INAME) VALUES ('Ian Moody', 9291, '(347) 665-2384', 'M', '1957-10-30', 'medicalrecord36', 'Metformin', 'Carpal tunnel release', 10673, 'RBC Insurance');
INSERT INTO PATIENT (PNAME, PHEALTHCARE_NO, CONTACT_INFO, SEX, BIRTHDAY, MEDICAL_RECORDS, CURRENT_MEDICATION, PLANNED_TREATMENT, EMPLOYEE_NO, INAME) VALUES ('Casey Barnett', 6955, '(546) 454-4818', 'M', '1959-08-02', 'medicalrecord37', 'Insulin (various types)', 'Echocardiogram', 10654, 'Manulife');
INSERT INTO PATIENT (PNAME, PHEALTHCARE_NO, CONTACT_INFO, SEX, BIRTHDAY, MEDICAL_RECORDS, CURRENT_MEDICATION, PLANNED_TREATMENT, EMPLOYEE_NO, INAME) VALUES ('Terrie Brandt', 8045, '(919) 831-5766', 'F', '1961-12-28', 'medicalrecord38', 'Glyburide', 'Magnetic Resonance Imaging (MRI)', 10626, 'Sun Life');
INSERT INTO PATIENT (PNAME, PHEALTHCARE_NO, CONTACT_INFO, SEX, BIRTHDAY, MEDICAL_RECORDS, CURRENT_MEDICATION, PLANNED_TREATMENT, EMPLOYEE_NO, INAME) VALUES ('Ronnie Murphy', 9882, '(295) 563-6390', 'F', '1945-06-21', 'medicalrecord39', 'Sitagliptin', 'Computed Tomography (CT) scan', 10771, 'Desjardins');
INSERT INTO PATIENT (PNAME, PHEALTHCARE_NO, CONTACT_INFO, SEX, BIRTHDAY, MEDICAL_RECORDS, CURRENT_MEDICATION, PLANNED_TREATMENT, EMPLOYEE_NO, INAME) VALUES ('Johanna Raymond', 2910, '(675) 402-4260', 'F', '1964-04-03', 'medicalrecord40', 'Liraglutide', 'Electrocardiogram (ECG or EKG)', 10795, 'Canada Life');
INSERT INTO PATIENT (PNAME, PHEALTHCARE_NO, CONTACT_INFO, SEX, BIRTHDAY, MEDICAL_RECORDS, CURRENT_MEDICATION, PLANNED_TREATMENT, EMPLOYEE_NO, INAME) VALUES ('Chuck Moyer', 4402, '(702) 490-5013', 'M', '2020-09-05', 'medicalrecord41', 'Atorvastatin', 'Electromyography (EMG)', 10201, 'Manulife');
INSERT INTO PATIENT (PNAME, PHEALTHCARE_NO, CONTACT_INFO, SEX, BIRTHDAY, MEDICAL_RECORDS, CURRENT_MEDICATION, PLANNED_TREATMENT, EMPLOYEE_NO, INAME) VALUES ('Vivian Riddle', 4784, '(385) 609-4159', 'F', '1965-04-10', 'medicalrecord42', 'Rosuvastatin', 'Ultrasound', 10403, 'Canada Life');
INSERT INTO PATIENT (PNAME, PHEALTHCARE_NO, CONTACT_INFO, SEX, BIRTHDAY, MEDICAL_RECORDS, CURRENT_MEDICATION, PLANNED_TREATMENT, EMPLOYEE_NO, INAME) VALUES ('Margie Simon', 2120, '(450) 830-8316', 'F', '1924-01-19', 'medicalrecord43', 'Sertraline', 'Proctoscopy', 10302, 'RBC Insurance');
INSERT INTO PATIENT (PNAME, PHEALTHCARE_NO, CONTACT_INFO, SEX, BIRTHDAY, MEDICAL_RECORDS, CURRENT_MEDICATION, PLANNED_TREATMENT, EMPLOYEE_NO, INAME) VALUES ('Suzette Richards', 7414, '(523) 457-9938', 'F', '1944-04-14', 'medicalrecord44', 'Fluoxetine', 'Angiogram', 10311, 'Desjardins');
INSERT INTO PATIENT (PNAME, PHEALTHCARE_NO, CONTACT_INFO, SEX, BIRTHDAY, MEDICAL_RECORDS, CURRENT_MEDICATION, PLANNED_TREATMENT, EMPLOYEE_NO, INAME) VALUES ('Giuseppe Larson', 6190, '(842) 644-7225', 'F', '2012-04-11', 'medicalrecord45', 'Citalopram', 'Bone scan', 10392, 'Desjardins');
INSERT INTO PATIENT (PNAME, PHEALTHCARE_NO, CONTACT_INFO, SEX, BIRTHDAY, MEDICAL_RECORDS, CURRENT_MEDICATION, PLANNED_TREATMENT, EMPLOYEE_NO, INAME) VALUES ('Sheena Norman', 3665, '(866) 390-3307', 'F', '1930-03-06', 'medicalrecord46', 'Olanzapine', 'Blood transfusion', 10345, 'Manulife');
INSERT INTO PATIENT (PNAME, PHEALTHCARE_NO, CONTACT_INFO, SEX, BIRTHDAY, MEDICAL_RECORDS, CURRENT_MEDICATION, PLANNED_TREATMENT, EMPLOYEE_NO, INAME) VALUES ('Lottie Irwin', 8062, '(537) 754-1533', 'M', '1985-03-09', 'medicalrecord47', 'Risperidone', 'Lumpectomy', 10333, 'Canada Protection Plan');
INSERT INTO PATIENT (PNAME, PHEALTHCARE_NO, CONTACT_INFO, SEX, BIRTHDAY, MEDICAL_RECORDS, CURRENT_MEDICATION, PLANNED_TREATMENT, EMPLOYEE_NO, INAME) VALUES ('Antone Whitney', 9514, '(789) 849-0572', 'F', '1960-06-28', 'medicalrecord48', 'Alprazolam', 'Laparoscopy', 10421, 'Sun Life');
INSERT INTO PATIENT (PNAME, PHEALTHCARE_NO, CONTACT_INFO, SEX, BIRTHDAY, MEDICAL_RECORDS, CURRENT_MEDICATION, PLANNED_TREATMENT, EMPLOYEE_NO, INAME) VALUES ('Mauricio Nichols', 2763, '(344) 923-2976', 'F', '2003-12-23', 'medicalrecord49', 'Lorazepam', 'Amputation', 10445, 'RBC Insurance');
INSERT INTO PATIENT (PNAME, PHEALTHCARE_NO, CONTACT_INFO, SEX, BIRTHDAY, MEDICAL_RECORDS, CURRENT_MEDICATION, PLANNED_TREATMENT, EMPLOYEE_NO, INAME) VALUES ('Matilda Johnston', 3228, '(825) 427-6651', 'F', '1961-03-23', 'medicalrecord50', 'Diazepam', 'Open-heart surgery', 10487, 'Sun Life');
INSERT INTO PATIENT (PNAME, PHEALTHCARE_NO, CONTACT_INFO, SEX, BIRTHDAY, MEDICAL_RECORDS, CURRENT_MEDICATION, PLANNED_TREATMENT, EMPLOYEE_NO, INAME) VALUES ('Erick Wilkerson', 2800, '(886) 623-2432', 'F', '1947-11-05', 'medicalrecord51', 'Ceftriaxone', 'Dermabrasion', 10462, 'Canada Life');
INSERT INTO PATIENT (PNAME, PHEALTHCARE_NO, CONTACT_INFO, SEX, BIRTHDAY, MEDICAL_RECORDS, CURRENT_MEDICATION, PLANNED_TREATMENT, EMPLOYEE_NO, INAME) VALUES ('Garth Dalton', 8508, '(356) 431-1211', 'M', '1957-03-21', 'medicalrecord52', 'Ciprofloxacin', 'Laminectomy', 10499, 'Manulife');
INSERT INTO PATIENT (PNAME, PHEALTHCARE_NO, CONTACT_INFO, SEX, BIRTHDAY, MEDICAL_RECORDS, CURRENT_MEDICATION, PLANNED_TREATMENT, EMPLOYEE_NO, INAME) VALUES ('Matilda Hurst', 9812, '(524) 822-9516', 'M', '1961-10-24', 'medicalrecord53', 'Amoxicillin', 'Myomectomy', 10422, 'Desjardins');
INSERT INTO PATIENT (PNAME, PHEALTHCARE_NO, CONTACT_INFO, SEX, BIRTHDAY, MEDICAL_RECORDS, CURRENT_MEDICATION, PLANNED_TREATMENT, EMPLOYEE_NO, INAME) VALUES ('Carolyn Galvan', 3307, '(453) 826-6579', 'M', '1994-08-08', 'medicalrecord54', 'Azithromycin', 'Nephrectomy', 10491, 'Desjardins');
INSERT INTO PATIENT (PNAME, PHEALTHCARE_NO, CONTACT_INFO, SEX, BIRTHDAY, MEDICAL_RECORDS, CURRENT_MEDICATION, PLANNED_TREATMENT, EMPLOYEE_NO, INAME) VALUES ('Dorsey Compton', 8464, '(232) 250-3202', 'F', '1939-08-23', 'medicalrecord55', 'Doxycycline', 'Tympanoplasty (eardrum repair)', 10209, 'Canada Protection Plan');
INSERT INTO PATIENT (PNAME, PHEALTHCARE_NO, CONTACT_INFO, SEX, BIRTHDAY, MEDICAL_RECORDS, CURRENT_MEDICATION, PLANNED_TREATMENT, EMPLOYEE_NO, INAME) VALUES ('Kelvin Parker', 7367, '(433) 460-9375', 'F', '2001-04-14', 'medicalrecord56', 'Clindamycin', 'Nissen fundoplication (anti-reflux surgery)', 10221, 'Sun Life');
INSERT INTO PATIENT (PNAME, PHEALTHCARE_NO, CONTACT_INFO, SEX, BIRTHDAY, MEDICAL_RECORDS, CURRENT_MEDICATION, PLANNED_TREATMENT, EMPLOYEE_NO, INAME) VALUES ('Maxine Cochran', 3115, '(633) 992-8079', 'F', '2010-04-17', 'medicalrecord57', 'Vancomycin', 'Septoplasty (deviated septum repair)', 10229, 'Manulife');
INSERT INTO PATIENT (PNAME, PHEALTHCARE_NO, CONTACT_INFO, SEX, BIRTHDAY, MEDICAL_RECORDS, CURRENT_MEDICATION, PLANNED_TREATMENT, EMPLOYEE_NO, INAME) VALUES ('Rey Mitchell', 1079, '(868) 991-2821', 'F', '1997-08-15', 'medicalrecord58', 'Oseltamivir', 'Oophorectomy', 10234, 'Sun Life');
INSERT INTO PATIENT (PNAME, PHEALTHCARE_NO, CONTACT_INFO, SEX, BIRTHDAY, MEDICAL_RECORDS, CURRENT_MEDICATION, PLANNED_TREATMENT, EMPLOYEE_NO, INAME) VALUES ('Harvey Erickson', 7082, '(773) 615-2590', 'F', '1972-01-24', 'medicalrecord59', 'Acyclovir', 'Pilonidal cystectomy', 10256, 'RBC Insurance');
INSERT INTO PATIENT (PNAME, PHEALTHCARE_NO, CONTACT_INFO, SEX, BIRTHDAY, MEDICAL_RECORDS, CURRENT_MEDICATION, PLANNED_TREATMENT, EMPLOYEE_NO, INAME) VALUES ('Raymond Meadows', 8774, '(920) 910-7415', 'M', '1927-09-26', 'medicalrecord60', 'Fluconazole', 'Vasovasostomy (vasectomy reversal)', 10278, 'Canada Life');
INSERT INTO PATIENT (PNAME, PHEALTHCARE_NO, CONTACT_INFO, SEX, BIRTHDAY, MEDICAL_RECORDS, CURRENT_MEDICATION, PLANNED_TREATMENT, EMPLOYEE_NO, INAME) VALUES ('Lauren Frazier', 6481, '(655) 788-4592', 'M', '2007-07-03', 'medicalrecord61', 'Nitroglycerin', 'Ureteroscopy', 10222, 'Canada Protection Plan');
INSERT INTO PATIENT (PNAME, PHEALTHCARE_NO, CONTACT_INFO, SEX, BIRTHDAY, MEDICAL_RECORDS, CURRENT_MEDICATION, PLANNED_TREATMENT, EMPLOYEE_NO, INAME) VALUES ('Arden Horne', 9928, '(313) 288-7185', 'F', '1986-08-11', 'medicalrecord62', 'Isosorbide mononitrate', 'Cervical cerclage', 10211, 'Sun Life');
INSERT INTO PATIENT (PNAME, PHEALTHCARE_NO, CONTACT_INFO, SEX, BIRTHDAY, MEDICAL_RECORDS, CURRENT_MEDICATION, PLANNED_TREATMENT, EMPLOYEE_NO, INAME) VALUES ('Lynwood Bowman', 7845, '(950) 509-0312', 'M', '1952-02-13', 'medicalrecord63', 'Albuterol', 'Bladder suspension (for urinary incontinence)', 10285, 'Manulife');
INSERT INTO PATIENT (PNAME, PHEALTHCARE_NO, CONTACT_INFO, SEX, BIRTHDAY, MEDICAL_RECORDS, CURRENT_MEDICATION, PLANNED_TREATMENT, EMPLOYEE_NO, INAME) VALUES ('Bud Orozco', 7675, '(718) 746-7653', 'F', '1973-09-26', 'medicalrecord64', 'Fluticasone/salmeterol', 'Laparoscopic cholecystectomy', 10232, 'Desjardins');
INSERT INTO PATIENT (PNAME, PHEALTHCARE_NO, CONTACT_INFO, SEX, BIRTHDAY, MEDICAL_RECORDS, CURRENT_MEDICATION, PLANNED_TREATMENT, EMPLOYEE_NO, INAME) VALUES ('Alex Tate', 1451, '(966) 272-8697', 'F', '2006-02-13', 'medicalrecord65', 'Montelukast', 'Arteriovenous fistula creation (for dialysis)', 10395, 'Desjardins');
INSERT INTO PATIENT (PNAME, PHEALTHCARE_NO, CONTACT_INFO, SEX, BIRTHDAY, MEDICAL_RECORDS, CURRENT_MEDICATION, PLANNED_TREATMENT, EMPLOYEE_NO, INAME) VALUES ('Kelley Edwards', 3025, '(769) 248-3734', 'F', '1962-07-10', 'medicalrecord66', 'Levalbuterol', 'Inguinal hernia repair', 10106, 'Canada Life');
INSERT INTO PATIENT (PNAME, PHEALTHCARE_NO, CONTACT_INFO, SEX, BIRTHDAY, MEDICAL_RECORDS, CURRENT_MEDICATION, PLANNED_TREATMENT, EMPLOYEE_NO, INAME) VALUES ('Mindy Hensley', 7036, '(847) 206-7205', 'M', '1948-04-04', 'medicalrecord67', 'Ipratropium', 'Angioplasty', 10111, 'RBC Insurance');
INSERT INTO PATIENT (PNAME, PHEALTHCARE_NO, CONTACT_INFO, SEX, BIRTHDAY, MEDICAL_RECORDS, CURRENT_MEDICATION, PLANNED_TREATMENT, EMPLOYEE_NO, INAME) VALUES ('Barton Fleming', 8460, '(766) 323-6697', 'M', '1932-01-11', 'medicalrecord68', 'Epinephrine auto-injector', 'Thyroidectomy', 10145, 'Manulife');
INSERT INTO PATIENT (PNAME, PHEALTHCARE_NO, CONTACT_INFO, SEX, BIRTHDAY, MEDICAL_RECORDS, CURRENT_MEDICATION, PLANNED_TREATMENT, EMPLOYEE_NO, INAME) VALUES ('Karl Michael', 9423, '(490) 753-6109', 'F', '1925-07-27', 'medicalrecord69', 'Fentanyl patch', 'Proton therapy', 10192, 'Canada Protection Plan');
INSERT INTO PATIENT (PNAME, PHEALTHCARE_NO, CONTACT_INFO, SEX, BIRTHDAY, MEDICAL_RECORDS, CURRENT_MEDICATION, PLANNED_TREATMENT, EMPLOYEE_NO, INAME) VALUES ('Marcia Humphrey', 8107, '(538) 559-2662', 'F', '1945-06-25', 'medicalrecord70', 'Lidocaine patch', 'Rotator cuff repair', 10166, 'Canada Protection Plan');
INSERT INTO PATIENT (PNAME, PHEALTHCARE_NO, CONTACT_INFO, SEX, BIRTHDAY, MEDICAL_RECORDS, CURRENT_MEDICATION, PLANNED_TREATMENT, EMPLOYEE_NO, INAME) VALUES ('Mitchell Kline', 3972, '(833) 893-8760', 'M', '1953-06-20', 'medicalrecord71', 'Metoclopramide', 'Synovectomy', 10165, 'Manulife');
INSERT INTO PATIENT (PNAME, PHEALTHCARE_NO, CONTACT_INFO, SEX, BIRTHDAY, MEDICAL_RECORDS, CURRENT_MEDICATION, PLANNED_TREATMENT, EMPLOYEE_NO, INAME) VALUES ('Cristopher Kent', 7598, '(476) 520-3525', 'F', '1990-12-17', 'medicalrecord72', 'Ondansetron', 'Mohs surgery (skin cancer removal)', 10149, 'RBC Insurance');
INSERT INTO PATIENT (PNAME, PHEALTHCARE_NO, CONTACT_INFO, SEX, BIRTHDAY, MEDICAL_RECORDS, CURRENT_MEDICATION, PLANNED_TREATMENT, EMPLOYEE_NO, INAME) VALUES ('Bert Dorsey', 5220, '(331) 987-4769', 'M', '2011-03-05', 'medicalrecord73', 'Diphenhydramine', 'Fontan procedure (for congenital heart defects)', 10134, 'Desjardins');
INSERT INTO PATIENT (PNAME, PHEALTHCARE_NO, CONTACT_INFO, SEX, BIRTHDAY, MEDICAL_RECORDS, CURRENT_MEDICATION, PLANNED_TREATMENT, EMPLOYEE_NO, INAME) VALUES ('Roberta Branch', 5304, '(667) 368-8988', 'F', '2012-11-07', 'medicalrecord74', 'Loratadine', 'Ablation therapy', 10621, 'Manulife');
INSERT INTO PATIENT (PNAME, PHEALTHCARE_NO, CONTACT_INFO, SEX, BIRTHDAY, MEDICAL_RECORDS, CURRENT_MEDICATION, PLANNED_TREATMENT, EMPLOYEE_NO, INAME) VALUES ('Ernesto Rivas', 3847, '(442) 623-0006', 'F', '1953-02-18', 'medicalrecord75', 'Fexofenadine', 'Colostomy', 10690, 'Desjardins');
INSERT INTO PATIENT (PNAME, PHEALTHCARE_NO, CONTACT_INFO, SEX, BIRTHDAY, MEDICAL_RECORDS, CURRENT_MEDICATION, PLANNED_TREATMENT, EMPLOYEE_NO, INAME) VALUES ('Loyd Nash', 5893, '(638) 995-4359', 'M', '1930-09-07', 'medicalrecord76', 'Desloratadine', 'Whipple procedure (pancreaticoduodenectomy)', 10673, 'Canada Life');
INSERT INTO PATIENT (PNAME, PHEALTHCARE_NO, CONTACT_INFO, SEX, BIRTHDAY, MEDICAL_RECORDS, CURRENT_MEDICATION, PLANNED_TREATMENT, EMPLOYEE_NO, INAME) VALUES ('Jean Powell', 3618, '(464) 560-3199', 'F', '1955-05-17', 'medicalrecord77', 'Ranitidine', 'Hemorrhoidectomy', 10654, 'Sun Life');
INSERT INTO PATIENT (PNAME, PHEALTHCARE_NO, CONTACT_INFO, SEX, BIRTHDAY, MEDICAL_RECORDS, CURRENT_MEDICATION, PLANNED_TREATMENT, EMPLOYEE_NO, INAME) VALUES ('Benjamin Schroeder', 3207, '(523) 996-9252', 'M', '2011-03-08', 'medicalrecord78', 'Lansoprazole', 'Uvulopalatopharyngoplasty (UPPP)', 10626, 'Canada Protection Plan');
INSERT INTO PATIENT (PNAME, PHEALTHCARE_NO, CONTACT_INFO, SEX, BIRTHDAY, MEDICAL_RECORDS, CURRENT_MEDICATION, PLANNED_TREATMENT, EMPLOYEE_NO, INAME) VALUES ('Marlin Roth', 6387, '(398) 815-0799', 'M', '1943-07-12', 'medicalrecord79', 'Benazepril', 'Kyphoplasty (vertebroplasty)', 10771, 'Manulife');
INSERT INTO PATIENT (PNAME, PHEALTHCARE_NO, CONTACT_INFO, SEX, BIRTHDAY, MEDICAL_RECORDS, CURRENT_MEDICATION, PLANNED_TREATMENT, EMPLOYEE_NO, INAME) VALUES ('Ramon Jones', 7968, '(570) 727-7052', 'F', '1949-02-19', 'medicalrecord80', 'Ramipril', 'Spinal fusion', 10795, 'RBC Insurance');
INSERT INTO PATIENT (PNAME, PHEALTHCARE_NO, CONTACT_INFO, SEX, BIRTHDAY, MEDICAL_RECORDS, CURRENT_MEDICATION, PLANNED_TREATMENT, EMPLOYEE_NO, INAME) VALUES ('Chris Park', 8991, '(650) 331-2460', 'F', '2019-11-25', 'medicalrecord81', 'Diltiazem', 'Anterior cruciate ligament (ACL) reconstruction', 10201, 'Sun Life');
INSERT INTO PATIENT (PNAME, PHEALTHCARE_NO, CONTACT_INFO, SEX, BIRTHDAY, MEDICAL_RECORDS, CURRENT_MEDICATION, PLANNED_TREATMENT, EMPLOYEE_NO, INAME) VALUES ('Jacinto Welch', 3647, '(805) 442-8859', 'M', '1957-11-29', 'medicalrecord82', 'Verapamil', 'Total parenteral nutrition (TPN)', 10403, 'Sun Life');
INSERT INTO PATIENT (PNAME, PHEALTHCARE_NO, CONTACT_INFO, SEX, BIRTHDAY, MEDICAL_RECORDS, CURRENT_MEDICATION, PLANNED_TREATMENT, EMPLOYEE_NO, INAME) VALUES ('Tina Bryan', 8583, '(706) 593-0870', 'M', '1971-09-04', 'medicalrecord83', 'Clopidogrel', 'ICD placement', 10302, 'Desjardins');
INSERT INTO PATIENT (PNAME, PHEALTHCARE_NO, CONTACT_INFO, SEX, BIRTHDAY, MEDICAL_RECORDS, CURRENT_MEDICATION, PLANNED_TREATMENT, EMPLOYEE_NO, INAME) VALUES ('Foster Brennan', 9768, '(725) 848-0420', 'M', '1928-01-31', 'medicalrecord84', 'Nitrofurantoin', 'Craniotomy', 10311, 'Manulife');
INSERT INTO PATIENT (PNAME, PHEALTHCARE_NO, CONTACT_INFO, SEX, BIRTHDAY, MEDICAL_RECORDS, CURRENT_MEDICATION, PLANNED_TREATMENT, EMPLOYEE_NO, INAME) VALUES ('Corrine Petty', 3210, '(840) 408-0602', 'F', '1954-05-04', 'medicalrecord85', 'Methocarbamol', 'Scoliosis surgery', 10392, 'Canada Life');
INSERT INTO PATIENT (PNAME, PHEALTHCARE_NO, CONTACT_INFO, SEX, BIRTHDAY, MEDICAL_RECORDS, CURRENT_MEDICATION, PLANNED_TREATMENT, EMPLOYEE_NO, INAME) VALUES ('Roxie Mckinney', 6189, '(951) 663-5663', 'F', '1972-02-15', 'medicalrecord86', 'Cyclobenzaprine', 'Limb lengthening surgery', 10345, 'Desjardins');
INSERT INTO PATIENT (PNAME, PHEALTHCARE_NO, CONTACT_INFO, SEX, BIRTHDAY, MEDICAL_RECORDS, CURRENT_MEDICATION, PLANNED_TREATMENT, EMPLOYEE_NO, INAME) VALUES ('Madge Dunlap', 5882, '(429) 865-4232', 'F', '1970-09-26', 'medicalrecord87', 'Tamsulosin', 'Parathyroidectomy', 10333, 'RBC Insurance');
INSERT INTO PATIENT (PNAME, PHEALTHCARE_NO, CONTACT_INFO, SEX, BIRTHDAY, MEDICAL_RECORDS, CURRENT_MEDICATION, PLANNED_TREATMENT, EMPLOYEE_NO, INAME) VALUES ('Brendan Harvey', 9759, '(584) 789-4409', 'M', '1941-11-07', 'medicalrecord88', 'Finasteride', 'Radiofrequency ablation', 10421, 'Canada Protection Plan');
INSERT INTO PATIENT (PNAME, PHEALTHCARE_NO, CONTACT_INFO, SEX, BIRTHDAY, MEDICAL_RECORDS, CURRENT_MEDICATION, PLANNED_TREATMENT, EMPLOYEE_NO, INAME) VALUES ('Norbert Torres', 5855, '(493) 414-6939', 'M', '2021-08-25', 'medicalrecord89', 'Terazosin', 'Brachytherapy', 10445, 'Sun Life');
INSERT INTO PATIENT (PNAME, PHEALTHCARE_NO, CONTACT_INFO, SEX, BIRTHDAY, MEDICAL_RECORDS, CURRENT_MEDICATION, PLANNED_TREATMENT, EMPLOYEE_NO, INAME) VALUES ('Shana Morton', 4872, '(252) 208-5177', 'F', '1968-03-04', 'medicalrecord90', 'Sildenafil', 'Inferior vena cava (IVC) filter placement', 10487, 'RBC Insurance');
INSERT INTO PATIENT (PNAME, PHEALTHCARE_NO, CONTACT_INFO, SEX, BIRTHDAY, MEDICAL_RECORDS, CURRENT_MEDICATION, PLANNED_TREATMENT, EMPLOYEE_NO, INAME) VALUES ('Juana Gomez', 4483, '(802) 810-0010', 'M', '1928-04-02', 'medicalrecord91', 'Tadalafil', 'Pancreas transplant', 10462, 'Manulife');
INSERT INTO PATIENT (PNAME, PHEALTHCARE_NO, CONTACT_INFO, SEX, BIRTHDAY, MEDICAL_RECORDS, CURRENT_MEDICATION, PLANNED_TREATMENT, EMPLOYEE_NO, INAME) VALUES ('Elmo Austin', 1656, '(509) 732-6717', 'F', '2001-07-16', 'medicalrecord92', 'Varenicline', 'Deep brain stimulation (DBS)', 10499, 'Desjardins');
INSERT INTO PATIENT (PNAME, PHEALTHCARE_NO, CONTACT_INFO, SEX, BIRTHDAY, MEDICAL_RECORDS, CURRENT_MEDICATION, PLANNED_TREATMENT, EMPLOYEE_NO, INAME) VALUES ('Mel Levy', 2792, '(678) 330-8236', 'M', '1968-11-28', 'medicalrecord93', 'Bupropion', 'Hepatectomy', 10422, 'Desjardins');
INSERT INTO PATIENT (PNAME, PHEALTHCARE_NO, CONTACT_INFO, SEX, BIRTHDAY, MEDICAL_RECORDS, CURRENT_MEDICATION, PLANNED_TREATMENT, EMPLOYEE_NO, INAME) VALUES ('Johnie Mercer', 5824, '(774) 216-5965', 'M', '1985-03-18', 'medicalrecord94', 'Nicotine replacement therapy', 'Total knee arthroplasty (TKA)', 10491, 'RBC Insurance');
INSERT INTO PATIENT (PNAME, PHEALTHCARE_NO, CONTACT_INFO, SEX, BIRTHDAY, MEDICAL_RECORDS, CURRENT_MEDICATION, PLANNED_TREATMENT, EMPLOYEE_NO, INAME) VALUES ('Salvatore Garner', 2830, '(621) 588-2301', 'M', '1933-05-17', 'medicalrecord95', 'Methadone', 'Bariatric surgery', 10209, 'RBC Insurance');
INSERT INTO PATIENT (PNAME, PHEALTHCARE_NO, CONTACT_INFO, SEX, BIRTHDAY, MEDICAL_RECORDS, CURRENT_MEDICATION, PLANNED_TREATMENT, EMPLOYEE_NO, INAME) VALUES ('Ophelia Terrell', 7107, '(562) 963-4606', 'M', '1967-06-04', 'medicalrecord96', 'Naloxone', 'Inferior petrosal sinus sampling (IPSS)', 10221, 'Desjardins');
INSERT INTO PATIENT (PNAME, PHEALTHCARE_NO, CONTACT_INFO, SEX, BIRTHDAY, MEDICAL_RECORDS, CURRENT_MEDICATION, PLANNED_TREATMENT, EMPLOYEE_NO, INAME) VALUES ('Miles Mack', 3022, '(485) 882-2448', 'F', '1976-07-30', 'medicalrecord97', 'Acetazolamide', 'Hip arthroscopy', 10229, 'Canada Life');
INSERT INTO PATIENT (PNAME, PHEALTHCARE_NO, CONTACT_INFO, SEX, BIRTHDAY, MEDICAL_RECORDS, CURRENT_MEDICATION, PLANNED_TREATMENT, EMPLOYEE_NO, INAME) VALUES ('Jonathan Washington', 5188, '(367) 465-1212', 'M', '2002-06-03', 'medicalrecord98', 'Lamotrigine', 'Hysteroscopy', 10234, 'Sun Life');
INSERT INTO PATIENT (PNAME, PHEALTHCARE_NO, CONTACT_INFO, SEX, BIRTHDAY, MEDICAL_RECORDS, CURRENT_MEDICATION, PLANNED_TREATMENT, EMPLOYEE_NO, INAME) VALUES ('Isaiah Ross', 3475, '(431) 476-4445', 'M', '2009-04-12', 'medicalrecord99', 'Rifaximin', 'Salpingectomy', 10256, 'Desjardins');
INSERT INTO PATIENT (PNAME, PHEALTHCARE_NO, CONTACT_INFO, SEX, BIRTHDAY, MEDICAL_RECORDS, CURRENT_MEDICATION, PLANNED_TREATMENT, EMPLOYEE_NO, INAME) VALUES ('Christian Bonilla', 4160, '(608) 580-0894', 'F', '2011-04-12', 'medicalrecord100', 'Desvenlafaxine', 'Renal artery angioplasty and stenting', 10278, 'Canada Protection Plan');


INSERT INTO CARE (EMPLOYEE_NO, PHEALTHCARE_NO) VALUES (10201, 9514);
INSERT INTO CARE (EMPLOYEE_NO, PHEALTHCARE_NO) VALUES (10403, 2763);
INSERT INTO CARE (EMPLOYEE_NO, PHEALTHCARE_NO) VALUES (10302, 3228);
INSERT INTO CARE (EMPLOYEE_NO, PHEALTHCARE_NO) VALUES (10311, 2800);

INSERT INTO PRESCRIBE (PHEALTHCARE_NO, EMPLOYEE_NO, PHNAME, PHADDRESS, MEDICATION) VALUES (5824, 10462, 'Pharmacy 1', 'Address 1', 'Nicotine replacement therapy');
INSERT INTO PRESCRIBE (PHEALTHCARE_NO, EMPLOYEE_NO, PHNAME, PHADDRESS, MEDICATION) VALUES (2830, 10499, 'Pharmacy 2', 'Address 2', 'Methadone');
INSERT INTO PRESCRIBE (PHEALTHCARE_NO, EMPLOYEE_NO, PHNAME, PHADDRESS, MEDICATION) VALUES (7107, 10422, 'Pharmacy 3', 'Address 3', 'Naloxone');

INSERT INTO CONDUCT (PHEALTHCARE_NO, ADATE, ATIME, EMPLOYEE_NO, SERIAL_NO, EQUIPMENT_TYPE) VALUES (3537, '2024-09-02', '9:30', 10491, 1734, 'Type 1');
INSERT INTO CONDUCT (PHEALTHCARE_NO, ADATE, ATIME, EMPLOYEE_NO, SERIAL_NO, EQUIPMENT_TYPE) VALUES (8586, '2024-03-23', '9:35', 10491, 3912, 'Type 1');
INSERT INTO CONDUCT (PHEALTHCARE_NO, ADATE, ATIME, EMPLOYEE_NO, SERIAL_NO, EQUIPMENT_TYPE) VALUES (7178, '2024-09-23', '9:45', 10491, 8096, 'Type 2');
INSERT INTO CONDUCT (PHEALTHCARE_NO, ADATE, ATIME, EMPLOYEE_NO, SERIAL_NO, EQUIPMENT_TYPE) VALUES (2021, '2024-07-24', '10:05', 10229, 6333, 'Type 3');
INSERT INTO CONDUCT (PHEALTHCARE_NO, ADATE, ATIME, EMPLOYEE_NO, SERIAL_NO, EQUIPMENT_TYPE) VALUES (9220, '2024-10-16', '10:55', 10229, 2704, 'Type 5');
INSERT INTO CONDUCT (PHEALTHCARE_NO, ADATE, ATIME, EMPLOYEE_NO, SERIAL_NO, EQUIPMENT_TYPE) VALUES (5765, '2024-05-17', '11:15', 10491, 5025, 'Type 2');
INSERT INTO CONDUCT (PHEALTHCARE_NO, ADATE, ATIME, EMPLOYEE_NO, SERIAL_NO, EQUIPMENT_TYPE) VALUES (6600, '2024-04-13', '12:25', 10491, 8973, 'Type 2');
INSERT INTO CONDUCT (PHEALTHCARE_NO, ADATE, ATIME, EMPLOYEE_NO, SERIAL_NO, EQUIPMENT_TYPE) VALUES (1654, '2024-03-10', '12:30', 10491, 4276, 'Type 4');
INSERT INTO CONDUCT (PHEALTHCARE_NO, ADATE, ATIME, EMPLOYEE_NO, SERIAL_NO, EQUIPMENT_TYPE) VALUES (4490, '2024-09-12', '12:50', 10229, 4436, 'Type 1');
INSERT INTO CONDUCT (PHEALTHCARE_NO, ADATE, ATIME, EMPLOYEE_NO, SERIAL_NO, EQUIPMENT_TYPE) VALUES (4329, '2024-05-28', '14:15', 10229, 1734, 'Type 1');
INSERT INTO CONDUCT (PHEALTHCARE_NO, ADATE, ATIME, EMPLOYEE_NO, SERIAL_NO, EQUIPMENT_TYPE) VALUES (4310, '2024-02-26', '14:30', 10229, 3912, 'Type 1');
INSERT INTO CONDUCT (PHEALTHCARE_NO, ADATE, ATIME, EMPLOYEE_NO, SERIAL_NO, EQUIPMENT_TYPE) VALUES (2960, '2024-04-14', '15:50', 10491, 8096, 'Type 2');

INSERT INTO DONATE (DHEALTHCARE_NO, HNAME, HADDRESS) VALUES (4872, 'Hospital1', 'Address1');
INSERT INTO DONATE (DHEALTHCARE_NO, HNAME, HADDRESS) VALUES (4483, 'Hospital2', 'Address2');
INSERT INTO DONATE (DHEALTHCARE_NO, HNAME, HADDRESS) VALUES (1656, 'Hospital3', 'Address3');
INSERT INTO DONATE (DHEALTHCARE_NO, HNAME, HADDRESS) VALUES (2792, 'Hospital4', 'Address4');

INSERT INTO SHARE_RECORDS (ORIGIN_HNAME, ORIGIN_HADDRESS, RECEIVING_HNAME, RECEIVING_HADDRESS, PATIENT_RECORDS) VALUES ('Hospital1', 'Address1', 'Hospital2', 'Address2', 'medicalrecord1');
INSERT INTO SHARE_RECORDS (ORIGIN_HNAME, ORIGIN_HADDRESS, RECEIVING_HNAME, RECEIVING_HADDRESS, PATIENT_RECORDS) VALUES ('Hospital2', 'Address2', 'Hospital1', 'Address1', 'medicalrecord2');

INSERT INTO APPOINTMENT (PHEALTHCARE_NO, ADATE, ATIME) VALUES (3537, '2024-09-02', '9:30');
INSERT INTO APPOINTMENT (PHEALTHCARE_NO, ADATE, ATIME) VALUES (8586, '2024-03-23', '9:35');
INSERT INTO APPOINTMENT (PHEALTHCARE_NO, ADATE, ATIME) VALUES (7178, '2024-09-23', '9:45');
INSERT INTO APPOINTMENT (PHEALTHCARE_NO, ADATE, ATIME) VALUES (2021, '2024-07-24', '10:05');
INSERT INTO APPOINTMENT (PHEALTHCARE_NO, ADATE, ATIME) VALUES (9220, '2024-10-16', '10:55');
INSERT INTO APPOINTMENT (PHEALTHCARE_NO, ADATE, ATIME) VALUES (5765, '2024-05-17', '11:15');
INSERT INTO APPOINTMENT (PHEALTHCARE_NO, ADATE, ATIME) VALUES (6600, '2024-04-13', '12:25');
INSERT INTO APPOINTMENT (PHEALTHCARE_NO, ADATE, ATIME) VALUES (1654, '2024-03-10', '12:30');
INSERT INTO APPOINTMENT (PHEALTHCARE_NO, ADATE, ATIME) VALUES (4490, '2024-09-12', '12:50');
INSERT INTO APPOINTMENT (PHEALTHCARE_NO, ADATE, ATIME) VALUES (4329, '2024-05-28', '14:15');
INSERT INTO APPOINTMENT (PHEALTHCARE_NO, ADATE, ATIME) VALUES (4310, '2024-02-26', '14:30');
INSERT INTO APPOINTMENT (PHEALTHCARE_NO, ADATE, ATIME) VALUES (2960, '2024-04-14', '15:50');

INSERT INTO SCHEDULE (PHEALTHCARE_NO, ADATE, ATIME, EMPLOYEE_NO) VALUES (3537, '2024-09-02', '9:30', 10222);
INSERT INTO SCHEDULE (PHEALTHCARE_NO, ADATE, ATIME, EMPLOYEE_NO) VALUES (8586, '2024-03-23', '9:35', 10211);
INSERT INTO SCHEDULE (PHEALTHCARE_NO, ADATE, ATIME, EMPLOYEE_NO) VALUES (7178, '2024-09-23', '9:45', 10285);
INSERT INTO SCHEDULE (PHEALTHCARE_NO, ADATE, ATIME, EMPLOYEE_NO) VALUES (2021, '2024-07-24', '10:05', 10285);
INSERT INTO SCHEDULE (PHEALTHCARE_NO, ADATE, ATIME, EMPLOYEE_NO) VALUES (9220, '2024-10-16', '10:55', 10285);
INSERT INTO SCHEDULE (PHEALTHCARE_NO, ADATE, ATIME, EMPLOYEE_NO) VALUES (5765, '2024-05-17', '11:15', 10106);
INSERT INTO SCHEDULE (PHEALTHCARE_NO, ADATE, ATIME, EMPLOYEE_NO) VALUES (6600, '2024-04-13', '12:25', 10111);
INSERT INTO SCHEDULE (PHEALTHCARE_NO, ADATE, ATIME, EMPLOYEE_NO) VALUES (1654, '2024-03-10', '12:30', 10145);
INSERT INTO SCHEDULE (PHEALTHCARE_NO, ADATE, ATIME, EMPLOYEE_NO) VALUES (4490, '2024-09-12', '12:50', 10192);
INSERT INTO SCHEDULE (PHEALTHCARE_NO, ADATE, ATIME, EMPLOYEE_NO) VALUES (4329, '2024-05-28', '14:15', 10192);
INSERT INTO SCHEDULE (PHEALTHCARE_NO, ADATE, ATIME, EMPLOYEE_NO) VALUES (4310, '2024-02-26', '14:30', 10166);
INSERT INTO SCHEDULE (PHEALTHCARE_NO, ADATE, ATIME, EMPLOYEE_NO) VALUES (2960, '2024-04-14', '15:50', 10166);

INSERT INTO BILL (EMPLOYEE_NO, PHEALTHCARE_NO, ADATE, ATIME, APPOINTMENT_FEE) VALUES (10222, 3537, '2024-09-02', '9:30', 71189.46);
INSERT INTO BILL (EMPLOYEE_NO, PHEALTHCARE_NO, ADATE, ATIME, APPOINTMENT_FEE) VALUES (10211, 8586, '2024-03-23', '9:35', 289.09);
INSERT INTO BILL (EMPLOYEE_NO, PHEALTHCARE_NO, ADATE, ATIME, APPOINTMENT_FEE) VALUES (10285, 7178, '2024-09-23', '9:45', 10021.45);
INSERT INTO BILL (EMPLOYEE_NO, PHEALTHCARE_NO, ADATE, ATIME, APPOINTMENT_FEE) VALUES (10232, 2021, '2024-07-24', '10:05', 40213.92);
INSERT INTO BILL (EMPLOYEE_NO, PHEALTHCARE_NO, ADATE, ATIME, APPOINTMENT_FEE) VALUES (10395, 9220, '2024-10-16', '10:55', 45174.64);
INSERT INTO BILL (EMPLOYEE_NO, PHEALTHCARE_NO, ADATE, ATIME, APPOINTMENT_FEE) VALUES (10106, 5765, '2024-05-17', '11:15', 58182.05);
INSERT INTO BILL (EMPLOYEE_NO, PHEALTHCARE_NO, ADATE, ATIME, APPOINTMENT_FEE) VALUES (10111, 6600, '2024-04-13', '12:25', 71189.46);
INSERT INTO BILL (EMPLOYEE_NO, PHEALTHCARE_NO, ADATE, ATIME, APPOINTMENT_FEE) VALUES (10145, 1654, '2024-03-10', '12:30', 384.09);
INSERT INTO BILL (EMPLOYEE_NO, PHEALTHCARE_NO, ADATE, ATIME, APPOINTMENT_FEE) VALUES (10192, 4490, '2024-09-12', '12:50', 97204.28);
INSERT INTO BILL (EMPLOYEE_NO, PHEALTHCARE_NO, ADATE, ATIME, APPOINTMENT_FEE) VALUES (10166, 4329, '2024-05-28', '14:15', 10211.69);
INSERT INTO BILL (EMPLOYEE_NO, PHEALTHCARE_NO, ADATE, ATIME, APPOINTMENT_FEE) VALUES (10222, 4310, '2024-02-26', '14:30', 23219.94);
INSERT INTO BILL (EMPLOYEE_NO, PHEALTHCARE_NO, ADATE, ATIME, APPOINTMENT_FEE) VALUES (10211, 2960, '2024-04-14', '15:50', 36226.51);
